business_date,weekday,month,month_name,year,restaurant_name,orders,gross_sales,discount,delivery_charge,container_charge,tax,net_sales,average_order_value
2026-05-01,Friday,5,May,2026,Chandivali - Thepla House by Tejal's Kitchen,143,67414.0,4103.049999999997,0.0,5254.0,3429.3999999999987,72004.0,503.52
2026-05-01,Friday,5,May,2026,Kandivali - Thepla House by Tejal's Kitchen,154,67566.0,3900.6699999999983,0.0,4520.0,3407.1800000000007,71594.0,464.9
2026-05-01,Friday,5,May,2026,Mulund - Thepla house by Tejal's Kitchen,157,76521.0,6034.029999999998,0.0,5768.0,3518.7000000000007,79776.0,508.13
2026-05-01,Friday,5,May,2026,Parel - Thepla house by Tejal's Kitchen,127,52447.0,4647.199999999999,0.0,3909.0,2036.98,53745.0,423.19
2026-05-01,Friday,5,May,2026,Santacruz - Thepla house by Tejal's Kitchen,238,114692.5,7353.629999999996,150.0,8615.0,5799.420000000002,121909.0,512.22
2026-05-01,Friday,5,May,2026,Thane - Thepla house by Tejal's Kitchen,93,39628.0,2706.0899999999992,0.0,3051.0,1999.340000000001,41974.0,451.33
2026-05-02,Saturday,5,May,2026,Chandivali - Thepla House by Tejal's Kitchen,183,77079.0,5772.889999999997,0.0,5957.0,3864.2600000000007,81134.0,443.36
2026-05-02,Saturday,5,May,2026,Kandivali - Thepla House by Tejal's Kitchen,115,46944.0,3958.309999999999,62.0,3226.0,2301.2799999999984,48572.0,422.37
2026-05-02,Saturday,5,May,2026,Mulund - Thepla house by Tejal's Kitchen,138,63188.0,4646.919999999998,0.0,4681.0,2584.26,65806.0,476.86
2026-05-02,Saturday,5,May,2026,Parel - Thepla house by Tejal's Kitchen,171,83294.0,5489.279999999998,0.0,6314.0,3747.7000000000003,87862.0,513.81
2026-05-02,Saturday,5,May,2026,Santacruz - Thepla house by Tejal's Kitchen,184,76422.5,4869.359999999998,60.0,5587.0,3858.1600000000008,81057.0,440.53
2026-05-02,Saturday,5,May,2026,Thane - Thepla house by Tejal's Kitchen,155,66395.0,4936.359999999997,0.0,4992.0,3322.7999999999984,69774.0,450.15
2026-05-03,Sunday,5,May,2026,Chandivali - Thepla House by Tejal's Kitchen,212,102309.0,6287.699999999996,120.0,7795.0,5191.880000000003,109130.0,514.76
2026-05-03,Sunday,5,May,2026,Kandivali - Thepla House by Tejal's Kitchen,184,84980.5,5141.719999999998,50.0,5642.0,4266.36,89800.0,488.04
2026-05-03,Sunday,5,May,2026,Mulund - Thepla house by Tejal's Kitchen,137,59909.0,5514.589999999998,0.0,4370.0,2510.6800000000007,61275.0,447.26
2026-05-03,Sunday,5,May,2026,Parel - Thepla house by Tejal's Kitchen,172,77337.0,5459.459999999996,100.0,5689.0,3217.020000000002,80886.0,470.27
2026-05-03,Sunday,5,May,2026,Santacruz - Thepla house by Tejal's Kitchen,220,93190.0,6276.499999999998,130.0,7105.0,4702.300000000002,98848.0,449.31
2026-05-03,Sunday,5,May,2026,Thane - Thepla house by Tejal's Kitchen,158,72346.0,5180.539999999996,0.0,5549.0,3636.840000000001,76354.0,483.25
2026-05-04,Monday,5,May,2026,Chandivali - Thepla House by Tejal's Kitchen,166,68759.0,5604.349999999997,0.0,5190.0,3418.3000000000015,71761.0,432.3
2026-05-04,Monday,5,May,2026,Kandivali - Thepla House by Tejal's Kitchen,108,44588.0,2616.0599999999986,0.0,2886.0,2217.4200000000005,47072.0,435.85
2026-05-04,Monday,5,May,2026,Mulund - Thepla house by Tejal's Kitchen,112,50398.0,4167.8099999999995,0.0,3766.0,2169.380000000001,52169.0,465.79
2026-05-04,Monday,5,May,2026,Parel - Thepla house by Tejal's Kitchen,145,65901.0,4789.989999999998,0.0,4949.0,2716.2400000000007,68772.0,474.29
2026-05-04,Monday,5,May,2026,Santacruz - Thepla house by Tejal's Kitchen,232,98767.0,7925.299999999998,110.0,6810.0,4882.960000000004,102643.0,442.43
2026-05-04,Monday,5,May,2026,Thane - Thepla house by Tejal's Kitchen,137,56635.0,4645.199999999999,0.0,4256.0,2813.18,59060.0,431.09
2026-05-05,Tuesday,5,May,2026,Chandivali - Thepla House by Tejal's Kitchen,263,102224.0,6662.509999999997,148.0,7254.0,5142.740000000007,108118.0,411.1
2026-05-05,Tuesday,5,May,2026,Kandivali - Thepla House by Tejal's Kitchen,165,68978.5,4107.129999999998,71.0,4433.0,3423.0999999999995,72800.0,441.21
2026-05-05,Tuesday,5,May,2026,Mulund - Thepla house by Tejal's Kitchen,187,76789.0,4589.599999999998,0.0,5514.0,3409.319999999999,81128.0,433.84
2026-05-05,Tuesday,5,May,2026,Parel - Thepla house by Tejal's Kitchen,162,76286.0,5544.9299999999985,0.0,5610.0,3405.2400000000007,79762.0,492.36
2026-05-05,Tuesday,5,May,2026,Santacruz - Thepla house by Tejal's Kitchen,273,117869.0,8381.409999999996,120.0,8104.0,5881.200000000006,123602.0,452.75
2026-05-05,Tuesday,5,May,2026,Thane - Thepla house by Tejal's Kitchen,203,88739.0,6082.139999999998,0.0,6364.0,4452.579999999999,93476.0,460.47
2026-05-06,Wednesday,5,May,2026,Chandivali - Thepla House by Tejal's Kitchen,181,76109.0,5949.01,0.0,5434.0,3780.719999999999,79377.0,438.55
2026-05-06,Wednesday,5,May,2026,Kandivali - Thepla House by Tejal's Kitchen,115,51265.5,3558.119999999999,0.0,3583.0,2564.8399999999992,53859.0,468.34
2026-05-06,Wednesday,5,May,2026,Mulund - Thepla house by Tejal's Kitchen,69,25929.0,2104.4300000000003,0.0,1897.0,1182.2199999999996,26905.0,389.93
2026-05-06,Wednesday,5,May,2026,Parel - Thepla house by Tejal's Kitchen,149,59686.0,4615.119999999999,0.0,4696.0,2606.72,62375.0,418.62
2026-05-06,Wednesday,5,May,2026,Santacruz - Thepla house by Tejal's Kitchen,120,48612.0,2932.9799999999996,130.0,3569.0,2463.2599999999998,51844.0,432.03
2026-05-06,Wednesday,5,May,2026,Thane - Thepla house by Tejal's Kitchen,126,45665.0,3841.3399999999974,0.0,3631.0,2273.500000000001,47734.0,378.84
2026-05-07,Thursday,5,May,2026,Chandivali - Thepla House by Tejal's Kitchen,211,89535.0,7100.999999999996,89.0,6575.0,4451.720000000002,93553.0,443.38
2026-05-07,Thursday,5,May,2026,Kandivali - Thepla House by Tejal's Kitchen,130,47767.0,3567.329999999999,0.0,3461.0,2380.959999999999,50043.0,384.95
2026-05-07,Thursday,5,May,2026,Mulund - Thepla house by Tejal's Kitchen,124,46424.0,3158.3799999999997,0.0,3398.0,2013.8200000000006,48677.0,392.56
2026-05-07,Thursday,5,May,2026,Parel - Thepla house by Tejal's Kitchen,171,77887.0,5593.259999999998,0.0,5832.0,3639.340000000001,81766.0,478.16
2026-05-07,Thursday,5,May,2026,Santacruz - Thepla house by Tejal's Kitchen,272,120927.5,7552.8299999999945,0.0,8866.0,6113.840000000002,128352.0,471.88
2026-05-07,Thursday,5,May,2026,Thane - Thepla house by Tejal's Kitchen,143,57117.0,4119.449999999996,0.0,4464.0,2874.0400000000013,60336.0,421.93
2026-05-08,Friday,5,May,2026,Chandivali - Thepla House by Tejal's Kitchen,125,49267.0,3760.2699999999995,0.0,3739.0,2463.1000000000004,51706.0,413.65
2026-05-08,Friday,5,May,2026,Kandivali - Thepla House by Tejal's Kitchen,134,54165.5,4371.829999999999,0.0,3693.0,2674.259999999999,56159.0,419.1
2026-05-08,Friday,5,May,2026,Mulund - Thepla house by Tejal's Kitchen,125,52181.0,4489.309999999999,0.0,3903.0,2256.96,53853.0,430.82
2026-05-08,Friday,5,May,2026,Parel - Thepla house by Tejal's Kitchen,81,33084.0,2308.06,0.0,2600.0,1324.6399999999999,34701.0,428.41
2026-05-08,Friday,5,May,2026,Santacruz - Thepla house by Tejal's Kitchen,207,96730.0,7447.910000000001,177.0,7317.0,4825.419999999998,101604.0,490.84
2026-05-08,Friday,5,May,2026,Thane - Thepla house by Tejal's Kitchen,87,33826.0,2891.229999999999,0.0,2606.0,1677.6200000000006,35218.0,404.8
2026-05-09,Saturday,5,May,2026,Chandivali - Thepla House by Tejal's Kitchen,232,99034.0,8770.139999999996,90.0,7480.0,4888.700000000002,102722.0,442.77
2026-05-09,Saturday,5,May,2026,Kandivali - Thepla House by Tejal's Kitchen,139,74409.0,17052.12,209.0,4188.0,3078.1800000000007,64834.0,466.43
2026-05-09,Saturday,5,May,2026,Mulund - Thepla house by Tejal's Kitchen,111,48257.0,4065.6599999999985,0.0,3592.0,2190.2799999999997,49976.0,450.23
2026-05-09,Saturday,5,May,2026,Parel - Thepla house by Tejal's Kitchen,169,82964.0,7990.779999999995,0.0,6337.0,3451.1199999999976,84768.0,501.59
2026-05-09,Saturday,5,May,2026,Santacruz - Thepla house by Tejal's Kitchen,259,110004.5,9750.249999999998,180.0,8137.0,5421.020000000002,113992.0,440.12
2026-05-09,Saturday,5,May,2026,Thane - Thepla house by Tejal's Kitchen,156,66249.0,6441.149999999996,0.0,4732.0,3189.940000000003,67726.0,434.14
2026-05-10,Sunday,5,May,2026,Chandivali - Thepla House by Tejal's Kitchen,238,110957.0,9683.609999999995,0.0,8327.0,5481.680000000003,115088.0,483.56
2026-05-10,Sunday,5,May,2026,Kandivali - Thepla House by Tejal's Kitchen,196,80376.5,6394.059999999996,60.0,5336.0,3966.9999999999995,83346.0,425.23
2026-05-10,Sunday,5,May,2026,Mulund - Thepla house by Tejal's Kitchen,151,75165.0,6369.189999999997,0.0,5672.0,3333.1000000000013,77802.0,515.25
2026-05-10,Sunday,5,May,2026,Parel - Thepla house by Tejal's Kitchen,228,99971.0,8392.579999999996,0.0,7795.0,4322.180000000003,103701.0,454.83
2026-05-10,Sunday,5,May,2026,Santacruz - Thepla house by Tejal's Kitchen,301,137156.5,10676.529999999995,0.0,10140.0,6829.000000000003,143458.0,476.6
2026-05-10,Sunday,5,May,2026,Thane - Thepla house by Tejal's Kitchen,187,82478.0,6701.399999999997,0.0,6191.0,4092.4800000000014,86062.0,460.22
2026-05-11,Monday,5,May,2026,Chandivali - Thepla House by Tejal's Kitchen,171,70377.0,5059.36,0.0,5362.0,3534.6400000000012,74224.0,434.06
2026-05-11,Monday,5,May,2026,Kandivali - Thepla House by Tejal's Kitchen,124,48949.0,3303.629999999998,0.0,3032.0,2434.8000000000006,51107.0,412.15
2026-05-11,Monday,5,May,2026,Mulund - Thepla house by Tejal's Kitchen,141,71858.0,5006.039999999998,0.0,5300.0,3236.7000000000007,75392.0,534.7
2026-05-11,Monday,5,May,2026,Parel - Thepla house by Tejal's Kitchen,123,55439.0,3868.4599999999996,0.0,4080.0,2481.499999999999,58131.0,472.61
2026-05-11,Monday,5,May,2026,Santacruz - Thepla house by Tejal's Kitchen,241,89559.5,6999.139999999998,0.0,6676.0,4463.280000000003,93708.0,388.83
2026-05-11,Monday,5,May,2026,Thane - Thepla house by Tejal's Kitchen,135,60056.0,4715.429999999998,0.0,4566.0,2995.74,62904.0,465.96
2026-05-12,Tuesday,5,May,2026,Chandivali - Thepla House by Tejal's Kitchen,227,116170.0,7734.139999999997,218.0,8387.0,5803.680000000003,122844.0,541.16
2026-05-12,Tuesday,5,May,2026,Kandivali - Thepla House by Tejal's Kitchen,140,62630.5,4058.799999999999,80.0,4109.0,3135.0199999999995,65899.0,470.71
2026-05-12,Tuesday,5,May,2026,Mulund - Thepla house by Tejal's Kitchen,134,59109.0,4266.169999999998,0.0,4313.0,2536.7600000000007,61692.0,460.39
2026-05-12,Tuesday,5,May,2026,Parel - Thepla house by Tejal's Kitchen,163,82641.0,5486.269999999999,0.0,6096.0,3554.6000000000013,86804.0,532.54
2026-05-12,Tuesday,5,May,2026,Santacruz - Thepla house by Tejal's Kitchen,255,108292.5,8618.089999999995,0.0,7858.0,5378.460000000003,112912.0,442.79
2026-05-12,Tuesday,5,May,2026,Thane - Thepla house by Tejal's Kitchen,174,77096.0,5653.549999999997,0.0,5622.0,3854.4800000000023,80917.0,465.04
2026-05-13,Wednesday,5,May,2026,Chandivali - Thepla House by Tejal's Kitchen,253,110837.0,7764.179999999997,0.0,7795.0,5544.840000000004,116423.0,460.17
2026-05-13,Wednesday,5,May,2026,Kandivali - Thepla House by Tejal's Kitchen,137,55616.0,3023.8600000000006,70.0,3504.0,2805.84,58971.0,430.45
2026-05-13,Wednesday,5,May,2026,Mulund - Thepla house by Tejal's Kitchen,81,35298.0,2499.109999999999,0.0,2498.0,1598.0199999999995,36897.0,455.52
2026-05-13,Wednesday,5,May,2026,Parel - Thepla house by Tejal's Kitchen,181,72640.0,5058.959999999996,0.0,5447.0,3085.6200000000017,76120.0,420.55
2026-05-13,Wednesday,5,May,2026,Santacruz - Thepla house by Tejal's Kitchen,139,64124.0,2981.309999999999,0.0,4168.0,3255.7,68571.0,493.32
2026-05-13,Wednesday,5,May,2026,Thane - Thepla house by Tejal's Kitchen,170,70272.0,5396.319999999997,0.0,5051.0,3497.5199999999995,73423.0,431.9
2026-05-14,Thursday,5,May,2026,Chandivali - Thepla House by Tejal's Kitchen,252,114655.0,7881.129999999995,50.0,8496.0,5765.02,121095.0,480.54
2026-05-14,Thursday,5,May,2026,Kandivali - Thepla House by Tejal's Kitchen,146,59605.0,3747.409999999998,0.0,3772.0,2972.2600000000007,62612.0,428.85
2026-05-14,Thursday,5,May,2026,Mulund - Thepla house by Tejal's Kitchen,112,43958.0,2709.9399999999987,0.0,3245.0,1983.9399999999998,46480.0,415.0
2026-05-14,Thursday,5,May,2026,Parel - Thepla house by Tejal's Kitchen,183,82972.0,5116.439999999999,0.0,6328.0,3588.0200000000027,87769.0,479.61
2026-05-14,Thursday,5,May,2026,Santacruz - Thepla house by Tejal's Kitchen,219,91221.5,5640.219999999997,530.0,6406.0,4600.7800000000025,97131.0,443.52
2026-05-14,Thursday,5,May,2026,Thane - Thepla house by Tejal's Kitchen,168,66628.0,4758.169999999997,0.0,5122.0,3350.659999999998,70343.0,418.71
2026-05-15,Friday,5,May,2026,Chandivali - Thepla House by Tejal's Kitchen,94,42031.0,2482.7999999999997,151.0,3132.0,2134.660000000001,44964.0,478.34
2026-05-15,Friday,5,May,2026,Kandivali - Thepla House by Tejal's Kitchen,125,44424.0,2996.96,0.0,3101.0,2227.2999999999993,46761.0,374.09
2026-05-15,Friday,5,May,2026,Mulund - Thepla house by Tejal's Kitchen,154,69324.0,4576.959999999998,0.0,5260.0,3029.160000000001,73042.0,474.3
2026-05-15,Friday,5,May,2026,Parel - Thepla house by Tejal's Kitchen,95,39703.0,2932.5299999999993,126.0,2946.0,1751.3199999999995,41600.0,437.89
2026-05-15,Friday,5,May,2026,Santacruz - Thepla house by Tejal's Kitchen,236,96779.5,6164.679999999997,100.0,6981.0,4881.340000000006,102575.0,434.64
2026-05-15,Friday,5,May,2026,Thane - Thepla house by Tejal's Kitchen,85,33033.0,2893.0099999999998,0.0,2513.0,1633.2999999999997,34287.0,403.38
2026-05-16,Saturday,5,May,2026,Chandivali - Thepla House by Tejal's Kitchen,209,91980.0,5980.479999999998,160.0,6806.0,4641.639999999996,97609.0,467.03
2026-05-16,Saturday,5,May,2026,Kandivali - Thepla House by Tejal's Kitchen,147,63661.5,3590.4999999999995,153.0,3700.0,3189.5000000000014,67120.0,456.6
2026-05-16,Saturday,5,May,2026,Mulund - Thepla house by Tejal's Kitchen,143,63594.0,3673.4799999999987,0.0,4593.0,2860.0200000000004,67375.0,471.15
2026-05-16,Saturday,5,May,2026,Parel - Thepla house by Tejal's Kitchen,180,89539.0,6808.939999999999,0.0,6647.0,3863.0600000000018,93243.0,518.02
2026-05-16,Saturday,5,May,2026,Santacruz - Thepla house by Tejal's Kitchen,224,105561.5,7564.2199999999975,0.0,7568.0,5279.420000000005,110842.0,494.83
2026-05-16,Saturday,5,May,2026,Thane - Thepla house by Tejal's Kitchen,177,78199.0,3866.0399999999986,0.0,5991.0,4017.42,84347.0,476.54
2026-05-17,Sunday,5,May,2026,Chandivali - Thepla House by Tejal's Kitchen,204,81066.0,5483.399999999998,0.0,6022.0,4081.6200000000003,85693.0,420.06
2026-05-17,Sunday,5,May,2026,Kandivali - Thepla House by Tejal's Kitchen,186,96460.5,5892.239999999997,0.0,5280.0,4718.720000000001,100569.0,540.69
2026-05-17,Sunday,5,May,2026,Mulund - Thepla house by Tejal's Kitchen,146,70182.0,4115.419999999998,0.0,5364.0,3265.42,74698.0,511.63
2026-05-17,Sunday,5,May,2026,Parel - Thepla house by Tejal's Kitchen,226,100943.0,6833.4599999999955,0.0,7780.0,4573.700000000005,106469.0,471.1
2026-05-17,Sunday,5,May,2026,Santacruz - Thepla house by Tejal's Kitchen,239,102522.5,5841.7699999999995,0.0,7664.0,5218.640000000001,109569.0,458.45
2026-05-17,Sunday,5,May,2026,Thane - Thepla house by Tejal's Kitchen,185,81221.0,6445.259999999995,0.0,6164.0,4048.1599999999994,84996.0,459.44
2026-05-18,Monday,5,May,2026,Chandivali - Thepla House by Tejal's Kitchen,201,77318.0,6279.779999999999,0.0,5696.0,3838.1000000000013,80579.0,400.89
2026-05-18,Monday,5,May,2026,Kandivali - Thepla House by Tejal's Kitchen,120,49548.0,3541.8199999999997,0.0,3251.0,2460.6799999999994,51719.0,430.99
2026-05-18,Monday,5,May,2026,Mulund - Thepla house by Tejal's Kitchen,121,47405.0,3043.69,0.0,3582.0,1909.5799999999995,49854.0,412.02
2026-05-18,Monday,5,May,2026,Parel - Thepla house by Tejal's Kitchen,141,62209.0,4195.769999999999,0.0,4521.0,2722.6000000000004,65263.0,462.86
2026-05-18,Monday,5,May,2026,Santacruz - Thepla house by Tejal's Kitchen,238,95651.5,5914.029999999999,190.0,6654.0,4820.980000000002,101405.0,426.07
2026-05-18,Monday,5,May,2026,Thane - Thepla house by Tejal's Kitchen,160,62205.0,4341.329999999996,0.0,4653.0,3126.7799999999993,65644.0,410.28
2026-05-19,Tuesday,5,May,2026,Chandivali - Thepla House by Tejal's Kitchen,215,87281.0,5404.029999999999,70.0,6460.0,4416.480000000004,92823.0,431.73
2026-05-19,Tuesday,5,May,2026,Kandivali - Thepla House by Tejal's Kitchen,137,54782.0,4018.519999999998,105.0,3416.0,2685.9400000000005,56964.0,415.8
2026-05-19,Tuesday,5,May,2026,Mulund - Thepla house by Tejal's Kitchen,150,59399.0,4884.539999999998,0.0,4481.0,2510.9800000000005,61510.0,410.07
2026-05-19,Tuesday,5,May,2026,Parel - Thepla house by Tejal's Kitchen,195,97177.0,7606.0599999999995,82.0,6807.0,4081.4600000000014,100544.0,515.61
2026-05-19,Tuesday,5,May,2026,Santacruz - Thepla house by Tejal's Kitchen,243,104210.5,6282.349999999998,0.0,7764.0,5286.180000000001,110977.0,456.7
2026-05-19,Tuesday,5,May,2026,Thane - Thepla house by Tejal's Kitchen,170,65378.0,5010.379999999998,0.0,5031.0,3271.16,68675.0,403.97
2026-05-20,Wednesday,5,May,2026,Chandivali - Thepla House by Tejal's Kitchen,189,80901.0,6200.74,0.0,5688.0,4020.780000000001,84407.0,446.6
2026-05-20,Wednesday,5,May,2026,Kandivali - Thepla House by Tejal's Kitchen,127,49088.0,3390.1299999999997,0.0,3251.0,2448.44,51406.0,404.77
2026-05-20,Wednesday,5,May,2026,Mulund - Thepla house by Tejal's Kitchen,73,28121.0,1618.16,0.0,2213.0,1358.079999999999,30075.0,411.99
2026-05-20,Wednesday,5,May,2026,Parel - Thepla house by Tejal's Kitchen,146,68183.0,4134.48,0.0,5148.0,2656.76,71853.0,492.14
2026-05-20,Wednesday,5,May,2026,Santacruz - Thepla house by Tejal's Kitchen,135,53723.5,3606.8399999999983,0.0,3912.0,2702.3400000000006,56730.0,420.22
2026-05-20,Wednesday,5,May,2026,Thane - Thepla house by Tejal's Kitchen,138,55237.0,3991.1199999999985,0.0,4222.0,2774.2600000000007,58248.0,422.09
2026-05-21,Thursday,5,May,2026,Chandivali - Thepla House by Tejal's Kitchen,202,84845.0,5623.489999999998,213.0,5933.0,4258.980000000003,89631.0,443.72
2026-05-21,Thursday,5,May,2026,Kandivali - Thepla House by Tejal's Kitchen,156,62210.0,4114.899999999998,0.0,4104.0,3111.1399999999985,65318.0,418.71
2026-05-21,Thursday,5,May,2026,Mulund - Thepla house by Tejal's Kitchen,131,51613.0,3703.4099999999994,0.0,3747.0,2339.18,54003.0,412.24
2026-05-21,Thursday,5,May,2026,Parel - Thepla house by Tejal's Kitchen,190,89664.0,8111.589999999997,351.0,6397.0,3842.840000000002,92147.0,484.98
2026-05-21,Thursday,5,May,2026,Santacruz - Thepla house by Tejal's Kitchen,273,121711.0,9058.169999999996,260.0,8701.0,6069.7,127694.0,467.74
2026-05-21,Thursday,5,May,2026,Thane - Thepla house by Tejal's Kitchen,149,64254.0,4499.33,0.0,4812.0,3229.360000000001,67800.0,455.03
2026-05-22,Friday,5,May,2026,Chandivali - Thepla House by Tejal's Kitchen,125,52887.0,3380.3799999999997,100.0,3966.0,2674.6000000000013,56250.0,450.0
2026-05-22,Friday,5,May,2026,Kandivali - Thepla House by Tejal's Kitchen,124,51855.0,3274.0499999999993,0.0,3685.0,2614.2599999999998,54878.0,442.56
2026-05-22,Friday,5,May,2026,Mulund - Thepla house by Tejal's Kitchen,124,49230.0,3246.9099999999994,90.0,3614.0,2165.2200000000007,51855.0,418.19
2026-05-22,Friday,5,May,2026,Parel - Thepla house by Tejal's Kitchen,96,43333.0,3438.88,200.0,3052.0,1925.58,45074.0,469.52
2026-05-22,Friday,5,May,2026,Santacruz - Thepla house by Tejal's Kitchen,230,106988.0,6814.509999999997,177.0,6839.0,5352.480000000001,112537.0,489.29
2026-05-22,Friday,5,May,2026,Thane - Thepla house by Tejal's Kitchen,104,41397.0,3061.409999999998,0.0,3162.0,2075.56,43574.0,418.98
2026-05-23,Saturday,5,May,2026,Chandivali - Thepla House by Tejal's Kitchen,220,95345.0,5779.829999999995,60.0,7204.0,4840.020000000002,101661.0,462.1
2026-05-23,Saturday,5,May,2026,Kandivali - Thepla House by Tejal's Kitchen,156,73157.0,4364.879999999999,0.0,4018.0,3640.880000000001,76454.0,490.09
2026-05-23,Saturday,5,May,2026,Mulund - Thepla house by Tejal's Kitchen,135,56931.0,4218.759999999998,0.0,4312.0,2542.7999999999993,59570.0,441.26
2026-05-23,Saturday,5,May,2026,Parel - Thepla house by Tejal's Kitchen,180,79533.0,5464.729999999997,0.0,6083.0,3583.1400000000003,83737.0,465.21
2026-05-23,Saturday,5,May,2026,Santacruz - Thepla house by Tejal's Kitchen,234,117872.5,7178.919999999996,140.0,7998.0,5936.180000000003,124768.0,533.2
2026-05-23,Saturday,5,May,2026,Thane - Thepla house by Tejal's Kitchen,165,81279.0,6010.979999999997,142.0,5614.0,4014.0400000000013,85034.0,515.36
2026-05-24,Sunday,5,May,2026,Chandivali - Thepla House by Tejal's Kitchen,214,94193.0,6555.719999999998,50.0,7178.0,4742.199999999998,99616.0,465.5
2026-05-24,Sunday,5,May,2026,Kandivali - Thepla House by Tejal's Kitchen,195,92011.0,5867.579999999998,168.0,4872.0,4552.28,95745.0,491.0
2026-05-24,Sunday,5,May,2026,Mulund - Thepla house by Tejal's Kitchen,152,62146.0,4695.869999999998,0.0,4786.0,2770.840000000001,65012.0,427.71
2026-05-24,Sunday,5,May,2026,Parel - Thepla house by Tejal's Kitchen,174,81691.0,5423.909999999997,0.0,6180.0,3693.959999999999,86140.0,495.06
2026-05-24,Sunday,5,May,2026,Santacruz - Thepla house by Tejal's Kitchen,259,130140.5,9135.819999999998,235.0,9291.0,6516.860000000005,137050.0,529.15
2026-05-24,Sunday,5,May,2026,Thane - Thepla house by Tejal's Kitchen,174,77915.0,5316.929999999998,0.0,5912.0,3926.9800000000027,82433.0,473.75
2026-05-25,Monday,5,May,2026,Chandivali - Thepla House by Tejal's Kitchen,193,80817.0,5242.479999999998,135.0,5979.0,4078.040000000003,85771.0,444.41
2026-05-25,Monday,5,May,2026,Kandivali - Thepla House by Tejal's Kitchen,141,64326.0,5156.329999999998,312.0,3557.0,3137.1800000000007,66178.0,469.35
2026-05-25,Monday,5,May,2026,Mulund - Thepla house by Tejal's Kitchen,110,41421.0,3143.1699999999987,0.0,3006.0,1864.9799999999989,43155.0,392.32
2026-05-25,Monday,5,May,2026,Parel - Thepla house by Tejal's Kitchen,176,77003.0,5847.359999999996,0.0,5803.0,3315.5399999999995,80277.0,456.12
2026-05-25,Monday,5,May,2026,Santacruz - Thepla house by Tejal's Kitchen,244,99952.5,6950.339999999997,100.0,7214.0,5011.340000000004,105331.0,431.68
2026-05-25,Monday,5,May,2026,Thane - Thepla house by Tejal's Kitchen,147,61287.0,4998.0099999999975,0.0,4417.0,2981.439999999999,63687.0,433.24
2026-05-26,Tuesday,5,May,2026,Chandivali - Thepla House by Tejal's Kitchen,227,103288.0,7319.069999999998,0.0,7577.0,5178.8000000000075,108730.0,478.99
2026-05-26,Tuesday,5,May,2026,Kandivali - Thepla House by Tejal's Kitchen,139,54110.0,4454.359999999999,145.0,3341.0,2650.6999999999985,55800.0,401.44
2026-05-26,Tuesday,5,May,2026,Mulund - Thepla house by Tejal's Kitchen,134,50939.0,4043.209999999999,0.0,3706.0,2166.9600000000005,52771.0,393.81
2026-05-26,Tuesday,5,May,2026,Parel - Thepla house by Tejal's Kitchen,152,68146.0,4643.739999999997,0.0,5188.0,3051.4800000000014,71741.0,471.98
2026-05-26,Tuesday,5,May,2026,Santacruz - Thepla house by Tejal's Kitchen,227,91420.0,7460.199999999998,0.0,6645.0,4531.760000000004,95138.0,419.11
2026-05-26,Tuesday,5,May,2026,Thane - Thepla house by Tejal's Kitchen,163,69848.0,4710.279999999999,0.0,5219.0,3518.3799999999983,73869.0,453.18
2026-05-27,Wednesday,5,May,2026,Chandivali - Thepla House by Tejal's Kitchen,252,99477.0,7591.729999999996,218.0,7080.0,4949.919999999998,104136.0,413.24
2026-05-27,Wednesday,5,May,2026,Kandivali - Thepla House by Tejal's Kitchen,155,64619.0,3705.1299999999987,0.0,4074.0,3250.66,68244.0,440.28
2026-05-27,Wednesday,5,May,2026,Mulund - Thepla house by Tejal's Kitchen,84,33554.0,2003.6200000000001,0.0,2632.0,1572.8199999999997,35760.0,425.71
2026-05-27,Wednesday,5,May,2026,Parel - Thepla house by Tejal's Kitchen,161,75224.0,6516.429999999998,0.0,4910.0,3358.8600000000006,76970.0,478.07
2026-05-27,Wednesday,5,May,2026,Santacruz - Thepla house by Tejal's Kitchen,144,54827.5,3786.379999999999,0.0,3972.0,2750.8999999999987,57762.0,401.13
2026-05-27,Wednesday,5,May,2026,Thane - Thepla house by Tejal's Kitchen,167,73200.0,5439.029999999997,0.0,5304.0,3654.240000000001,76723.0,459.42
2026-05-28,Thursday,5,May,2026,Chandivali - Thepla House by Tejal's Kitchen,239,104942.0,8775.909999999998,60.0,7642.0,5192.020000000005,109063.0,456.33
2026-05-28,Thursday,5,May,2026,Kandivali - Thepla House by Tejal's Kitchen,172,74461.0,5123.319999999999,0.0,4927.0,3714.6000000000013,77979.0,453.37
2026-05-28,Thursday,5,May,2026,Mulund - Thepla house by Tejal's Kitchen,135,62410.0,5986.699999999997,0.0,4495.0,2678.1200000000003,63598.0,471.1
2026-05-28,Thursday,5,May,2026,Parel - Thepla house by Tejal's Kitchen,168,71980.0,5941.3799999999965,0.0,5227.0,3163.7000000000003,74427.0,443.02
2026-05-28,Thursday,5,May,2026,Santacruz - Thepla house by Tejal's Kitchen,262,122011.5,8382.529999999995,150.0,7866.0,6076.42,127723.0,487.49
2026-05-28,Thursday,5,May,2026,Thane - Thepla house by Tejal's Kitchen,166,71281.0,5751.269999999998,0.0,5544.0,3554.4000000000005,74633.0,449.6
2026-05-29,Friday,5,May,2026,Chandivali - Thepla House by Tejal's Kitchen,111,41605.0,2602.2900000000004,140.0,3016.0,2101.88,44266.0,398.79
2026-05-29,Friday,5,May,2026,Kandivali - Thepla House by Tejal's Kitchen,148,67076.5,3724.7199999999984,0.0,4221.0,3379.6200000000013,70956.0,479.43
2026-05-29,Friday,5,May,2026,Mulund - Thepla house by Tejal's Kitchen,129,57359.0,3684.3399999999992,0.0,4394.0,2648.880000000001,60722.0,470.71
2026-05-29,Friday,5,May,2026,Parel - Thepla house by Tejal's Kitchen,72,33744.0,3007.1599999999994,0.0,2573.0,1469.52,34777.0,483.01
2026-05-29,Friday,5,May,2026,Santacruz - Thepla house by Tejal's Kitchen,240,110921.5,7651.049999999997,497.0,8061.0,5534.480000000001,117359.0,489.0
2026-05-29,Friday,5,May,2026,Thane - Thepla house by Tejal's Kitchen,70,27788.0,1928.6200000000001,0.0,2153.0,1401.0800000000002,29416.0,420.23
2026-05-30,Saturday,5,May,2026,Chandivali - Thepla House by Tejal's Kitchen,192,79808.0,5589.269999999998,180.0,6072.0,4016.120000000002,84488.0,440.04
2026-05-30,Saturday,5,May,2026,Kandivali - Thepla House by Tejal's Kitchen,139,57337.0,3614.909999999998,0.0,3678.0,2871.1400000000003,60276.0,433.64
2026-05-30,Saturday,5,May,2026,Mulund - Thepla house by Tejal's Kitchen,131,50938.0,3736.7899999999995,0.0,3855.0,2226.96,53290.0,406.79
2026-05-30,Saturday,5,May,2026,Parel - Thepla house by Tejal's Kitchen,155,74484.0,5965.549999999998,105.0,5269.0,3069.7000000000007,76963.0,496.54
2026-05-30,Saturday,5,May,2026,Santacruz - Thepla house by Tejal's Kitchen,229,90227.5,6890.059999999998,120.0,6552.0,4495.000000000003,94505.0,412.69
2026-05-30,Saturday,5,May,2026,Thane - Thepla house by Tejal's Kitchen,168,76312.0,5087.0099999999975,382.0,5603.0,3742.1200000000003,80953.0,481.86
2026-05-31,Sunday,5,May,2026,Chandivali - Thepla House by Tejal's Kitchen,222,96708.0,7262.139999999995,0.0,7407.0,4844.04,101704.0,458.13
2026-05-31,Sunday,5,May,2026,Kandivali - Thepla House by Tejal's Kitchen,177,91477.5,5742.429999999998,0.0,5202.0,4548.180000000003,95480.0,539.44
2026-05-31,Sunday,5,May,2026,Mulund - Thepla house by Tejal's Kitchen,167,77713.0,5199.969999999998,0.0,5747.0,3560.3600000000015,81821.0,489.95
2026-05-31,Sunday,5,May,2026,Parel - Thepla house by Tejal's Kitchen,188,92460.0,6621.149999999997,0.0,7132.0,4145.080000000002,97123.0,516.61
2026-05-31,Sunday,5,May,2026,Santacruz - Thepla house by Tejal's Kitchen,234,97798.5,7199.12,66.0,7006.0,4880.420000000002,102555.0,438.27
2026-05-31,Sunday,5,May,2026,Thane - Thepla house by Tejal's Kitchen,178,85334.0,6347.559999999993,0.0,6779.0,4289.619999999999,90058.0,505.94
2026-06-01,Monday,6,June,2026,Chandivali - Thepla House by Tejal's Kitchen,212,100811.0,7006.569999999995,120.0,7039.0,5043.52,106012.0,500.06
2026-06-01,Monday,6,June,2026,Kandivali - Thepla House by Tejal's Kitchen,127,54124.0,3528.929999999999,0.0,3631.0,2712.2799999999997,56939.0,448.34
2026-06-01,Monday,6,June,2026,Mulund - Thepla house by Tejal's Kitchen,123,57780.0,3910.399999999998,0.0,4252.0,2148.059999999999,60270.0,490.0
2026-06-01,Monday,6,June,2026,Parel - Thepla house by Tejal's Kitchen,160,68878.0,5269.8799999999965,0.0,5078.0,2984.6600000000008,71678.0,447.99
2026-06-01,Monday,6,June,2026,Santacruz - Thepla house by Tejal's Kitchen,229,85156.0,6971.289999999995,0.0,6396.0,4221.579999999999,88801.0,387.78
2026-06-01,Monday,6,June,2026,Thane - Thepla house by Tejal's Kitchen,139,52397.0,3734.0599999999986,0.0,4004.0,2634.0800000000004,55296.0,397.81
2026-06-02,Tuesday,6,June,2026,Chandivali - Thepla House by Tejal's Kitchen,212,97435.0,6630.449999999996,400.0,6365.0,4859.999999999999,102434.0,483.18
2026-06-02,Tuesday,6,June,2026,Kandivali - Thepla House by Tejal's Kitchen,136,57545.0,4014.129999999998,0.0,3461.0,2848.780000000002,59839.0,439.99
2026-06-02,Tuesday,6,June,2026,Mulund - Thepla house by Tejal's Kitchen,132,60937.0,3889.9999999999973,57.0,4557.0,2613.06,64279.0,486.96
2026-06-02,Tuesday,6,June,2026,Parel - Thepla house by Tejal's Kitchen,168,70391.0,5751.2199999999975,0.0,5152.0,2745.0599999999995,72539.0,431.78
2026-06-02,Tuesday,6,June,2026,Santacruz - Thepla house by Tejal's Kitchen,241,99344.5,7182.979999999998,70.0,7302.0,4974.779999999997,104522.0,433.7
2026-06-02,Tuesday,6,June,2026,Thane - Thepla house by Tejal's Kitchen,154,67286.0,5759.9699999999975,0.0,5053.0,3329.9000000000005,69903.0,453.92
2026-06-03,Wednesday,6,June,2026,Chandivali - Thepla House by Tejal's Kitchen,231,95620.0,9949.489999999996,0.0,6803.0,4625.240000000003,97102.0,420.35
2026-06-03,Wednesday,6,June,2026,Kandivali - Thepla House by Tejal's Kitchen,163,68528.0,4384.269999999998,247.0,4711.0,3443.4200000000014,72547.0,445.07
2026-06-03,Wednesday,6,June,2026,Mulund - Thepla house by Tejal's Kitchen,78,29963.0,2140.08,101.0,2197.0,1230.5,31356.0,402.0
2026-06-03,Wednesday,6,June,2026,Parel - Thepla house by Tejal's Kitchen,159,69502.0,5375.2999999999965,0.0,5069.0,2970.36,72174.0,453.92
2026-06-03,Wednesday,6,June,2026,Santacruz - Thepla house by Tejal's Kitchen,149,58726.0,3252.439999999999,70.0,4008.0,2975.1,62529.0,419.66
2026-06-03,Wednesday,6,June,2026,Thane - Thepla house by Tejal's Kitchen,171,64489.0,5336.489999999997,78.0,4747.0,3148.520000000001,67123.0,392.53
2026-06-04,Thursday,6,June,2026,Chandivali - Thepla House by Tejal's Kitchen,229,104639.0,6936.359999999997,85.0,7540.0,5263.580000000003,110599.0,482.97
2026-06-04,Thursday,6,June,2026,Kandivali - Thepla House by Tejal's Kitchen,167,71088.5,4406.559999999998,0.0,4405.0,3552.66,74636.0,446.92
2026-06-04,Thursday,6,June,2026,Mulund - Thepla house by Tejal's Kitchen,124,47563.0,3357.659999999999,92.0,3580.0,2167.7000000000007,50054.0,403.66
2026-06-04,Thursday,6,June,2026,Parel - Thepla house by Tejal's Kitchen,173,74947.0,6041.069999999996,0.0,5433.0,3141.380000000003,77482.0,447.87
2026-06-04,Thursday,6,June,2026,Santacruz - Thepla house by Tejal's Kitchen,221,85980.5,6724.559999999994,0.0,6286.0,4276.399999999999,89817.0,406.41
2026-06-04,Thursday,6,June,2026,Thane - Thepla house by Tejal's Kitchen,144,58059.0,4211.989999999998,0.0,4358.0,2911.3599999999988,61113.0,424.4
2026-06-05,Friday,6,June,2026,Chandivali - Thepla House by Tejal's Kitchen,125,50595.0,5143.1799999999985,0.0,3848.0,2466.0400000000004,51771.0,414.17
2026-06-05,Friday,6,June,2026,Kandivali - Thepla House by Tejal's Kitchen,122,53696.5,3597.4999999999986,0.0,3759.0,2693.94,56550.0,463.52
2026-06-05,Friday,6,June,2026,Mulund - Thepla house by Tejal's Kitchen,110,44974.0,3819.259999999998,100.0,3309.0,1850.7400000000005,46420.0,422.0
2026-06-05,Friday,6,June,2026,Parel - Thepla house by Tejal's Kitchen,79,34921.0,2948.8999999999996,0.0,2387.0,1341.2,35705.0,451.96
2026-06-05,Friday,6,June,2026,Santacruz - Thepla house by Tejal's Kitchen,256,127034.5,7274.009999999995,300.0,8099.0,5543.340000000005,133709.0,522.3
2026-06-05,Friday,6,June,2026,Thane - Thepla house by Tejal's Kitchen,88,37056.0,2268.9599999999996,0.0,2656.0,1872.8399999999997,39317.0,446.78
2026-06-06,Saturday,6,June,2026,Chandivali - Thepla House by Tejal's Kitchen,217,97525.0,6404.819999999998,0.0,7435.0,4901.22,103462.0,476.78
2026-06-06,Saturday,6,June,2026,Kandivali - Thepla House by Tejal's Kitchen,174,72671.0,4703.94,111.0,4539.0,3623.640000000002,76241.0,438.17
2026-06-06,Saturday,6,June,2026,Mulund - Thepla house by Tejal's Kitchen,126,54745.0,5654.3899999999985,0.0,4069.0,2291.32,55454.0,440.11
2026-06-06,Saturday,6,June,2026,Parel - Thepla house by Tejal's Kitchen,168,80699.0,5812.879999999994,0.0,5867.0,3499.1599999999994,84257.0,501.53
2026-06-06,Saturday,6,June,2026,Santacruz - Thepla house by Tejal's Kitchen,266,116912.5,7662.049999999995,250.0,8036.0,5354.1600000000035,122897.0,462.02
2026-06-06,Saturday,6,June,2026,Thane - Thepla house by Tejal's Kitchen,169,74840.0,5820.919999999997,227.0,5542.0,3707.1400000000012,78493.0,464.46
2026-06-07,Sunday,6,June,2026,Chandivali - Thepla House by Tejal's Kitchen,302,125052.0,10052.739999999996,316.0,9501.0,6226.8400000000065,131050.0,433.94
2026-06-07,Sunday,6,June,2026,Kandivali - Thepla House by Tejal's Kitchen,184,90696.0,5730.669999999999,0.0,4764.0,4487.739999999998,94218.0,512.05
2026-06-07,Sunday,6,June,2026,Mulund - Thepla house by Tejal's Kitchen,165,70879.0,4694.329999999998,161.0,5319.0,3370.099999999999,75036.0,454.76
2026-06-07,Sunday,6,June,2026,Parel - Thepla house by Tejal's Kitchen,169,77373.0,5606.829999999996,0.0,5889.0,3392.2400000000007,81049.0,479.58
2026-06-07,Sunday,6,June,2026,Santacruz - Thepla house by Tejal's Kitchen,242,119399.0,7955.589999999996,250.0,8208.0,5712.119999999998,125615.0,519.07
2026-06-07,Sunday,6,June,2026,Thane - Thepla house by Tejal's Kitchen,187,80707.0,5719.089999999998,0.0,5977.0,4049.64,85026.0,454.68
2026-06-08,Monday,6,June,2026,Chandivali - Thepla House by Tejal's Kitchen,221,86935.0,6752.749999999996,110.0,6395.0,4330.459999999999,91017.0,411.84
2026-06-08,Monday,6,June,2026,Kandivali - Thepla House by Tejal's Kitchen,152,66437.5,3657.4999999999973,111.0,4513.0,3349.340000000001,70757.0,465.51
2026-06-08,Monday,6,June,2026,Mulund - Thepla house by Tejal's Kitchen,120,48250.0,3008.9599999999996,0.0,3599.0,2075.0799999999995,50923.0,424.36
2026-06-08,Monday,6,June,2026,Parel - Thepla house by Tejal's Kitchen,157,67994.0,4939.659999999997,0.0,5098.0,2874.0200000000023,71024.0,452.38
2026-06-08,Monday,6,June,2026,Santacruz - Thepla house by Tejal's Kitchen,252,104534.5,6764.319999999996,155.0,7211.0,5250.880000000003,110388.0,438.05
2026-06-08,Monday,6,June,2026,Thane - Thepla house by Tejal's Kitchen,129,48622.0,3240.0199999999995,76.0,3618.0,2450.7,51531.0,399.47
2026-06-09,Tuesday,6,June,2026,Chandivali - Thepla House by Tejal's Kitchen,242,103196.0,8379.899999999994,139.0,7516.0,5118.4400000000005,107588.0,444.58
2026-06-09,Tuesday,6,June,2026,Kandivali - Thepla House by Tejal's Kitchen,148,62739.5,4179.229999999998,0.0,3974.0,3127.7400000000016,65661.0,443.66
2026-06-09,Tuesday,6,June,2026,Mulund - Thepla house by Tejal's Kitchen,100,40624.0,2860.909999999999,0.0,3002.0,1685.2000000000003,42455.0,424.55
2026-06-09,Tuesday,6,June,2026,Parel - Thepla house by Tejal's Kitchen,165,68584.0,4985.829999999997,0.0,4865.0,2830.879999999999,71296.0,432.1
2026-06-09,Tuesday,6,June,2026,Santacruz - Thepla house by Tejal's Kitchen,250,104215.5,6986.239999999995,125.0,7417.0,5176.819999999998,109952.0,439.81
2026-06-09,Tuesday,6,June,2026,Thane - Thepla house by Tejal's Kitchen,125,49213.0,3217.0099999999998,77.0,3550.0,2411.9200000000005,52037.0,416.3
2026-06-10,Wednesday,6,June,2026,Chandivali - Thepla House by Tejal's Kitchen,194,83404.0,6535.409999999996,308.0,5988.0,4144.200000000001,87313.0,450.07
2026-06-10,Wednesday,6,June,2026,Kandivali - Thepla House by Tejal's Kitchen,133,61738.5,3435.1499999999987,0.0,3701.0,3101.3799999999997,65105.0,489.51
2026-06-10,Wednesday,6,June,2026,Mulund - Thepla house by Tejal's Kitchen,64,25704.0,2811.71,0.0,1760.0,1126.0200000000002,25782.0,402.84
2026-06-10,Wednesday,6,June,2026,Parel - Thepla house by Tejal's Kitchen,170,71415.0,4657.289999999999,0.0,5250.0,3075.7199999999993,75093.0,441.72
2026-06-10,Wednesday,6,June,2026,Santacruz - Thepla house by Tejal's Kitchen,122,44661.0,3452.4299999999985,0.0,3369.0,2229.7400000000016,46804.0,383.64
2026-06-10,Wednesday,6,June,2026,Thane - Thepla house by Tejal's Kitchen,123,48637.0,3079.0299999999984,0.0,3655.0,2461.600000000001,51672.0,420.1
2026-06-11,Thursday,6,June,2026,Chandivali - Thepla House by Tejal's Kitchen,325,139505.0,10079.769999999997,96.0,10296.0,6988.06000000001,146812.0,451.73
2026-06-11,Thursday,6,June,2026,Kandivali - Thepla House by Tejal's Kitchen,254,103073.0,7621.869999999996,56.0,6604.0,5104.660000000006,107217.0,422.11
2026-06-11,Thursday,6,June,2026,Mulund - Thepla house by Tejal's Kitchen,165,70530.0,4815.899999999998,0.0,5082.0,3059.659999999999,73868.0,447.68
2026-06-11,Thursday,6,June,2026,Parel - Thepla house by Tejal's Kitchen,211,98497.0,7508.679999999998,0.0,7181.0,3949.1,102114.0,483.95
2026-06-11,Thursday,6,June,2026,Santacruz - Thepla house by Tejal's Kitchen,310,137553.0,8739.649999999994,150.0,9645.0,6924.840000000004,145544.0,469.5
2026-06-11,Thursday,6,June,2026,Thane - Thepla house by Tejal's Kitchen,200,85537.0,6062.689999999996,77.0,6035.0,4277.099999999999,89859.0,449.3
2026-06-12,Friday,6,June,2026,Chandivali - Thepla House by Tejal's Kitchen,150,62981.0,4904.379999999997,70.0,4613.0,3135.5400000000013,65890.0,439.27
2026-06-12,Friday,6,June,2026,Kandivali - Thepla House by Tejal's Kitchen,140,60344.0,3877.4799999999973,190.0,3581.0,3003.459999999999,63240.0,451.71
2026-06-12,Friday,6,June,2026,Mulund - Thepla house by Tejal's Kitchen,115,51989.0,3020.51,420.0,3405.0,2222.9800000000005,55013.0,478.37
2026-06-12,Friday,6,June,2026,Parel - Thepla house by Tejal's Kitchen,100,39326.0,2418.96,0.0,2991.0,1687.3400000000004,41588.0,415.88
2026-06-12,Friday,6,June,2026,Santacruz - Thepla house by Tejal's Kitchen,224,91408.5,5926.319999999995,130.0,6517.0,4583.36,96712.0,431.75
2026-06-12,Friday,6,June,2026,Thane - Thepla house by Tejal's Kitchen,77,28427.0,2409.49,0.0,2140.0,1408.34,29568.0,384.0
2026-06-13,Saturday,6,June,2026,Chandivali - Thepla House by Tejal's Kitchen,236,101389.0,7574.979999999996,145.0,7544.0,5069.1,106578.0,451.6
2026-06-13,Saturday,6,June,2026,Kandivali - Thepla House by Tejal's Kitchen,161,70607.0,4681.309999999997,0.0,4786.0,3536.880000000001,74251.0,461.19
2026-06-13,Saturday,6,June,2026,Mulund - Thepla house by Tejal's Kitchen,130,59530.0,3716.0599999999995,0.0,4252.0,2640.620000000001,62717.0,482.44
2026-06-13,Saturday,6,June,2026,Parel - Thepla house by Tejal's Kitchen,161,72297.0,6197.809999999997,100.0,5354.0,2904.7200000000003,74465.0,462.52
2026-06-13,Saturday,6,June,2026,Santacruz - Thepla house by Tejal's Kitchen,212,82421.5,6735.619999999997,0.0,6259.0,4088.960000000001,86041.0,405.85
2026-06-13,Saturday,6,June,2026,Thane - Thepla house by Tejal's Kitchen,161,82671.0,5228.379999999997,0.0,6209.0,4183.780000000003,87840.0,545.59
2026-06-14,Sunday,6,June,2026,Chandivali - Thepla House by Tejal's Kitchen,242,105199.0,8460.529999999992,60.0,8217.0,5249.180000000004,110274.0,455.68
2026-06-14,Sunday,6,June,2026,Kandivali - Thepla House by Tejal's Kitchen,173,77051.0,4824.259999999997,135.0,4790.0,3833.1200000000017,80989.0,468.14
2026-06-14,Sunday,6,June,2026,Mulund - Thepla house by Tejal's Kitchen,141,63391.0,3533.1099999999988,0.0,4619.0,2770.4800000000005,67250.0,476.95
2026-06-14,Sunday,6,June,2026,Parel - Thepla house by Tejal's Kitchen,233,113126.5,8350.919999999993,99.0,8289.0,4995.140000000001,118157.0,507.11
2026-06-14,Sunday,6,June,2026,Santacruz - Thepla house by Tejal's Kitchen,245,111206.5,7893.179999999998,230.0,8185.0,5538.720000000004,117269.0,478.65
2026-06-14,Sunday,6,June,2026,Thane - Thepla house by Tejal's Kitchen,162,77269.0,5606.249999999999,0.0,5662.0,3867.7000000000016,81193.0,501.19
2026-06-15,Monday,6,June,2026,Chandivali - Thepla House by Tejal's Kitchen,277,118912.0,8899.159999999993,0.0,8945.0,5949.84,124917.0,450.96
2026-06-15,Monday,6,June,2026,Kandivali - Thepla House by Tejal's Kitchen,167,80113.0,5615.05,0.0,5077.0,3979.9199999999987,83558.0,500.35
2026-06-15,Monday,6,June,2026,Mulund - Thepla house by Tejal's Kitchen,137,74013.0,4153.639999999998,459.0,4202.0,3394.5600000000013,77918.0,568.74
2026-06-15,Monday,6,June,2026,Parel - Thepla house by Tejal's Kitchen,180,74282.0,5659.519999999997,0.0,5546.0,3116.8600000000006,77294.0,429.41
2026-06-15,Monday,6,June,2026,Santacruz - Thepla house by Tejal's Kitchen,248,104562.0,8444.509999999997,0.0,7774.0,5196.159999999999,109090.0,439.88
2026-06-15,Monday,6,June,2026,Thane - Thepla house by Tejal's Kitchen,173,78790.0,5018.709999999997,52.0,5039.0,3913.1800000000003,82776.0,478.47
2026-06-16,Tuesday,6,June,2026,Chandivali - Thepla House by Tejal's Kitchen,260,118630.0,9767.209999999994,75.0,8954.0,5892.540000000002,123787.0,476.1
2026-06-16,Tuesday,6,June,2026,Kandivali - Thepla House by Tejal's Kitchen,149,64302.5,3447.8299999999995,0.0,3932.0,3240.4400000000014,68024.0,456.54
2026-06-16,Tuesday,6,June,2026,Mulund - Thepla house by Tejal's Kitchen,131,67612.0,4895.319999999998,0.0,4663.0,2655.440000000002,70036.0,534.63
2026-06-16,Tuesday,6,June,2026,Parel - Thepla house by Tejal's Kitchen,169,77161.0,6414.659999999996,130.0,5580.0,3008.320000000001,79471.0,470.24
2026-06-16,Tuesday,6,June,2026,Santacruz - Thepla house by Tejal's Kitchen,257,116822.5,8973.559999999996,130.0,8436.0,5816.0400000000045,122249.0,475.68
2026-06-16,Tuesday,6,June,2026,Thane - Thepla house by Tejal's Kitchen,150,57379.0,4645.54,0.0,4144.0,2797.5000000000005,59679.0,397.86
2026-06-17,Wednesday,6,June,2026,Chandivali - Thepla House by Tejal's Kitchen,230,113121.0,10181.129999999994,120.0,8084.0,5552.780000000006,116703.0,507.4
2026-06-17,Wednesday,6,June,2026,Kandivali - Thepla House by Tejal's Kitchen,141,57657.5,4235.899999999998,100.0,3771.0,2860.3000000000006,60150.0,426.6
2026-06-17,Wednesday,6,June,2026,Mulund - Thepla house by Tejal's Kitchen,86,39213.0,3827.27,0.0,2792.0,1483.8000000000002,39667.0,461.24
2026-06-17,Wednesday,6,June,2026,Parel - Thepla house by Tejal's Kitchen,153,66494.0,4786.359999999999,99.0,4747.0,2940.700000000001,69495.0,454.22
2026-06-17,Wednesday,6,June,2026,Santacruz - Thepla house by Tejal's Kitchen,119,42919.0,3258.1599999999994,0.0,3326.0,2149.060000000001,45143.0,379.35
2026-06-17,Wednesday,6,June,2026,Thane - Thepla house by Tejal's Kitchen,145,61734.0,4334.359999999999,0.0,4466.0,3008.7,64876.0,447.42
2026-06-18,Thursday,6,June,2026,Chandivali - Thepla House by Tejal's Kitchen,253,115921.0,9997.639999999994,170.0,7751.0,5685.339999999997,119529.0,472.45
2026-06-18,Thursday,6,June,2026,Kandivali - Thepla House by Tejal's Kitchen,157,71606.5,5727.319999999997,0.0,4673.0,3528.7200000000007,74082.0,471.86
2026-06-18,Thursday,6,June,2026,Mulund - Thepla house by Tejal's Kitchen,150,60678.0,5742.7199999999975,85.0,4329.0,2573.9400000000005,61933.0,412.89
2026-06-18,Thursday,6,June,2026,Parel - Thepla house by Tejal's Kitchen,172,80107.0,7115.509999999997,0.0,6078.0,3375.3399999999997,82445.0,479.33
2026-06-18,Thursday,6,June,2026,Santacruz - Thepla house by Tejal's Kitchen,210,91483.5,6974.409999999995,105.0,6455.0,4549.62,95618.0,455.32
2026-06-18,Thursday,6,June,2026,Thane - Thepla house by Tejal's Kitchen,160,62581.0,5903.269999999999,0.0,4788.0,3074.180000000001,64549.0,403.43
2026-06-19,Friday,6,June,2026,Chandivali - Thepla House by Tejal's Kitchen,162,75761.0,6590.099999999996,211.0,4519.0,3685.32,77587.0,478.93
2026-06-19,Friday,6,June,2026,Kandivali - Thepla House by Tejal's Kitchen,136,58903.0,5610.6,110.0,3900.0,2860.680000000001,60171.0,442.43
2026-06-19,Friday,6,June,2026,Mulund - Thepla house by Tejal's Kitchen,124,57088.0,5576.909999999998,0.0,4421.0,2221.959999999999,58164.0,469.06
2026-06-19,Friday,6,June,2026,Parel - Thepla house by Tejal's Kitchen,100,51438.0,3952.85,217.0,3322.0,2223.8399999999992,53252.0,532.52
2026-06-19,Friday,6,June,2026,Santacruz - Thepla house by Tejal's Kitchen,244,108825.0,11118.109999999993,0.0,7763.0,5275.039999999998,110755.0,453.91
2026-06-19,Friday,6,June,2026,Thane - Thepla house by Tejal's Kitchen,69,29504.0,2102.87,0.0,2248.0,1483.0800000000002,31132.0,451.19
2026-06-20,Saturday,6,June,2026,Chandivali - Thepla House by Tejal's Kitchen,265,124819.0,12340.669999999995,0.0,9443.0,6098.040000000002,128027.0,483.12
2026-06-20,Saturday,6,June,2026,Kandivali - Thepla House by Tejal's Kitchen,175,78557.0,6669.339999999999,110.0,5187.0,3855.100000000002,81040.0,463.09
2026-06-20,Saturday,6,June,2026,Mulund - Thepla house by Tejal's Kitchen,151,64714.0,7257.119999999998,0.0,4787.0,2887.7800000000016,65135.0,431.36
2026-06-20,Saturday,6,June,2026,Parel - Thepla house by Tejal's Kitchen,183,89848.0,7342.419999999997,0.0,6916.0,4037.5799999999986,93457.0,510.69
2026-06-20,Saturday,6,June,2026,Santacruz - Thepla house by Tejal's Kitchen,232,103891.5,12013.649999999996,300.0,7664.0,4977.440000000003,104822.0,451.82
2026-06-20,Saturday,6,June,2026,Thane - Thepla house by Tejal's Kitchen,155,71000.0,8186.449999999998,0.0,5219.0,3402.62,71435.0,460.87
2026-06-21,Sunday,6,June,2026,Chandivali - Thepla House by Tejal's Kitchen,312,134826.0,13686.229999999983,0.0,10481.0,6582.900000000001,138207.0,442.97
2026-06-21,Sunday,6,June,2026,Kandivali - Thepla House by Tejal's Kitchen,186,85867.0,6308.669999999997,0.0,5128.0,4188.08,88876.0,477.83
2026-06-21,Sunday,6,June,2026,Mulund - Thepla house by Tejal's Kitchen,143,63954.0,6395.949999999997,0.0,4737.0,2687.2200000000003,64994.0,454.5
2026-06-21,Sunday,6,June,2026,Parel - Thepla house by Tejal's Kitchen,227,108711.0,11461.589999999998,180.0,7656.0,4303.9800000000005,109393.0,481.91
2026-06-21,Sunday,6,June,2026,Santacruz - Thepla house by Tejal's Kitchen,254,110353.5,11932.339999999995,0.0,8006.0,5322.640000000001,111752.0,439.97
2026-06-21,Sunday,6,June,2026,Thane - Thepla house by Tejal's Kitchen,195,87934.0,8911.169999999991,0.0,6929.0,4298.679999999999,90254.0,462.84
2026-06-22,Monday,6,June,2026,Chandivali - Thepla House by Tejal's Kitchen,233,93589.0,7270.029999999996,290.0,6503.0,4642.700000000007,97754.0,419.55
2026-06-22,Monday,6,June,2026,Kandivali - Thepla House by Tejal's Kitchen,161,65899.0,5195.479999999997,0.0,4216.0,3226.5600000000013,68151.0,423.3
2026-06-22,Monday,6,June,2026,Mulund - Thepla house by Tejal's Kitchen,120,51210.0,4784.079999999998,0.0,3809.0,2184.4199999999987,52419.0,436.83
2026-06-22,Monday,6,June,2026,Parel - Thepla house by Tejal's Kitchen,165,74457.0,6122.579999999996,100.0,5340.0,3118.3200000000006,76897.0,466.04
2026-06-22,Monday,6,June,2026,Santacruz - Thepla house by Tejal's Kitchen,266,103940.0,8043.309999999993,210.0,7418.0,5157.439999999998,108684.0,408.59
2026-06-22,Monday,6,June,2026,Thane - Thepla house by Tejal's Kitchen,137,57760.0,5025.729999999998,0.0,4202.0,2847.5799999999995,59786.0,436.39
2026-06-23,Tuesday,6,June,2026,Chandivali - Thepla House by Tejal's Kitchen,257,109004.0,10247.109999999995,110.0,8276.0,5353.279999999999,112497.0,437.73
2026-06-23,Tuesday,6,June,2026,Kandivali - Thepla House by Tejal's Kitchen,137,54867.0,4594.629999999998,90.0,3658.0,2697.7400000000007,56722.0,414.03
2026-06-23,Tuesday,6,June,2026,Mulund - Thepla house by Tejal's Kitchen,109,48824.0,4122.559999999998,0.0,3646.0,2149.5599999999995,50498.0,463.28
2026-06-23,Tuesday,6,June,2026,Parel - Thepla house by Tejal's Kitchen,139,64885.0,5379.579999999998,140.0,4555.0,2643.5199999999995,66848.0,480.92
2026-06-23,Tuesday,6,June,2026,Santacruz - Thepla house by Tejal's Kitchen,250,95667.5,8612.649999999996,295.0,7068.0,4702.640000000004,99126.0,396.5
2026-06-23,Tuesday,6,June,2026,Thane - Thepla house by Tejal's Kitchen,150,61805.0,5456.139999999997,0.0,4721.0,3052.6400000000012,64120.0,427.47
2026-06-24,Wednesday,6,June,2026,Chandivali - Thepla House by Tejal's Kitchen,272,125040.0,10333.499999999995,185.0,8438.0,6159.060000000006,129491.0,476.07
2026-06-24,Wednesday,6,June,2026,Kandivali - Thepla House by Tejal's Kitchen,147,54782.0,4140.259999999998,0.0,3857.0,2725.6400000000026,57230.0,389.32
2026-06-24,Wednesday,6,June,2026,Mulund - Thepla house by Tejal's Kitchen,70,27575.0,2746.4900000000002,85.0,2017.0,1196.78,28131.0,401.87
2026-06-24,Wednesday,6,June,2026,Parel - Thepla house by Tejal's Kitchen,193,100915.0,5438.629999999997,239.0,6581.0,4606.420000000002,106914.0,553.96
2026-06-24,Wednesday,6,June,2026,Santacruz - Thepla house by Tejal's Kitchen,147,62118.0,4935.199999999997,140.0,4495.0,3084.8200000000006,64904.0,441.52
2026-06-24,Wednesday,6,June,2026,Thane - Thepla house by Tejal's Kitchen,151,63570.0,6187.419999999998,0.0,4704.0,3103.6600000000003,65196.0,431.76
2026-06-25,Thursday,6,June,2026,Chandivali - Thepla House by Tejal's Kitchen,328,144626.0,10785.089999999997,100.0,10401.0,7214.120000000002,151565.0,462.09
2026-06-25,Thursday,6,June,2026,Kandivali - Thepla House by Tejal's Kitchen,212,80131.0,6479.379999999999,0.0,5341.0,3951.1000000000017,82955.0,391.3
2026-06-25,Thursday,6,June,2026,Mulund - Thepla house by Tejal's Kitchen,174,66800.0,5209.94,0.0,4824.0,2867.7200000000003,69288.0,398.21
2026-06-25,Thursday,6,June,2026,Parel - Thepla house by Tejal's Kitchen,227,99823.0,9696.329999999996,0.0,6990.0,4039.940000000001,101159.0,445.63
2026-06-25,Thursday,6,June,2026,Santacruz - Thepla house by Tejal's Kitchen,294,125372.0,9819.059999999992,0.0,8478.0,6196.920000000004,130228.0,442.95
2026-06-25,Thursday,6,June,2026,Thane - Thepla house by Tejal's Kitchen,214,84941.0,7958.139999999997,0.0,6310.0,4166.000000000001,87461.0,408.7
2026-06-26,Friday,6,June,2026,Chandivali - Thepla House by Tejal's Kitchen,169,67759.0,5520.109999999997,225.0,5180.0,3372.0799999999995,71025.0,420.27
2026-06-26,Friday,6,June,2026,Kandivali - Thepla House by Tejal's Kitchen,149,64762.0,4754.969999999999,72.0,4204.0,3211.7400000000007,67493.0,452.97
2026-06-26,Friday,6,June,2026,Mulund - Thepla house by Tejal's Kitchen,150,62799.0,6011.559999999997,0.0,4704.0,2666.6199999999994,64167.0,427.78
2026-06-26,Friday,6,June,2026,Parel - Thepla house by Tejal's Kitchen,106,52411.0,5187.24,210.0,3555.0,2265.78,53262.0,502.47
2026-06-26,Friday,6,June,2026,Santacruz - Thepla house by Tejal's Kitchen,231,114030.0,9745.269999999999,420.0,7197.0,5570.119999999997,117478.0,508.56
2026-06-26,Friday,6,June,2026,Thane - Thepla house by Tejal's Kitchen,99,53668.0,4060.1599999999985,300.0,3217.0,2641.78,55765.0,563.28
2026-06-27,Saturday,6,June,2026,Chandivali - Thepla House by Tejal's Kitchen,236,95924.0,10734.619999999994,125.0,7233.0,4622.719999999999,97176.0,411.76
2026-06-27,Saturday,6,June,2026,Kandivali - Thepla House by Tejal's Kitchen,192,122787.0,7507.499999999997,0.0,5114.0,6018.94,126407.0,658.37
2026-06-27,Saturday,6,June,2026,Mulund - Thepla house by Tejal's Kitchen,107,46346.0,5571.049999999997,75.0,3511.0,1978.6000000000004,46342.0,433.1
2026-06-27,Saturday,6,June,2026,Parel - Thepla house by Tejal's Kitchen,208,96458.0,11070.859999999995,140.0,6890.0,3930.680000000001,96355.0,463.25
2026-06-27,Saturday,6,June,2026,Santacruz - Thepla house by Tejal's Kitchen,195,86827.0,8604.979999999996,240.0,6363.0,4221.460000000001,89041.0,456.62
2026-06-27,Saturday,6,June,2026,Thane - Thepla house by Tejal's Kitchen,182,72562.0,8157.419999999997,0.0,5649.0,3503.819999999998,73556.0,404.15
2026-06-28,Sunday,6,June,2026,Chandivali - Thepla House by Tejal's Kitchen,273,122804.0,11297.529999999993,385.0,9228.0,6038.379999999998,127162.0,465.79
2026-06-28,Sunday,6,June,2026,Kandivali - Thepla House by Tejal's Kitchen,191,92849.0,7826.059999999996,160.0,5295.0,4516.320000000001,94994.0,497.35
2026-06-28,Sunday,6,June,2026,Mulund - Thepla house by Tejal's Kitchen,130,64642.0,6737.579999999996,5.0,4782.0,2711.9,65403.0,503.1
2026-06-28,Sunday,6,June,2026,Parel - Thepla house by Tejal's Kitchen,200,86944.0,8786.759999999998,0.0,6515.0,3692.6399999999994,88365.0,441.83
2026-06-28,Sunday,6,June,2026,Santacruz - Thepla house by Tejal's Kitchen,248,109031.0,12428.90999999999,130.0,7962.0,5225.079999999998,109919.0,443.22
2026-06-28,Sunday,6,June,2026,Thane - Thepla house by Tejal's Kitchen,197,93705.0,10134.559999999994,0.0,6984.0,4528.760000000002,95088.0,482.68
2026-06-29,Monday,6,June,2026,Chandivali - Thepla House by Tejal's Kitchen,129,52275.0,5128.359999999999,0.0,4179.0,2566.960000000001,53893.0,417.78
2026-06-29,Monday,6,June,2026,Kandivali - Thepla House by Tejal's Kitchen,63,27359.0,2462.6499999999996,0.0,1815.0,1335.9999999999998,28048.0,445.21
2026-06-29,Monday,6,June,2026,Mulund - Thepla house by Tejal's Kitchen,68,32569.0,3271.79,0.0,2423.0,1353.6399999999992,33075.0,486.4
2026-06-29,Monday,6,June,2026,Parel - Thepla house by Tejal's Kitchen,78,34762.0,3335.37,0.0,2581.0,1556.1999999999998,35566.0,455.97
2026-06-29,Monday,6,June,2026,Santacruz - Thepla house by Tejal's Kitchen,101,44908.0,4259.54,0.0,3275.0,2196.7399999999993,46124.0,456.67
2026-06-29,Monday,6,June,2026,Thane - Thepla house by Tejal's Kitchen,86,37277.0,4339.899999999998,0.0,2795.0,1786.2599999999995,37523.0,436.31
